Name,ADP,RW_Rank,Total_Pts,Total_Events,RD_Rank_Avg,RD 1 Pts,RD1 #,RD1 Rank,RD2 Pts,RD2 #,RD2 Rank,RD3 Pts,RD3 #,RD3 Rank,RD4 Pts,RD4 #,RD4 Rank,Sony,Amex,Farmers,Phoenix,Pebble,Genesis,Cognizant,API,Players,Valspar,Houston,Valero,Masters,Heritage,Miami,Truist,PGA,CJ Cup,Schwab,Memorial,Canadian,US Open,Travelers,Deere,Scottish,Open
Ben Griffin,2.4,2,"1,929.80",19,11,578,5,9,499.3,5,3,454.6,5,4,397.9,4,7,113.9,127.1,-,-,125.5,96.6,114.9,86.4,104.8,-,108.8,-,81.4,117.9,87.6,99.5,100.7,-,89.5,77.3,-,76.3,123.3,122,-,76.3
Scottie Scheffler,1,1,"2,053.00",16,19,587.5,4,5,630.5,5,1,491.1,4,2,343.9,3,31,-,162.8,-,149.8,151.1,123.8,-,110.7,134.2,-,139.4,-,104.2,142,105.5,-,129,157.6,-,99,-,97.7,148.5,-,-,97.7
J.J. Spaun,9,9,"1,724.20",18,31,530,5,18,380.5,4,36,441.2,5,5,372.5,4,11,112.2,-,90.2,-,119.2,95.2,113.2,85.2,103.2,-,-,-,80.1,112,83.2,94.5,99.2,-,88.2,76.1,-,75.1,117.1,-,105.2,75.1
Cameron Young,8.7,7,"1,739.10",18,37,443.7,4,51,461.5,5,10,348,4,22,485.9,5,2,-,120.7,-,111.1,120.1,91.8,-,82.1,99.5,89.8,-,-,77.3,112.8,83.8,95.2,95.6,-,-,73.4,107.2,72.4,118,115.9,-,72.4
Si Woo Kim,4.4,4,"1,777.30",19,40,522.6,5,19,450.4,5,13,524.5,6,1,279.8,3,52,101,112.7,-,103.7,119.5,85.7,-,76.6,92.9,-,96.5,-,72.1,112.3,83.5,94.8,89.3,109.1,79.3,68.5,-,-,117.5,-,94.7,67.6
Sam Burns,3.6,3,"1,646.50",17,41,441,4,55,458.5,5,12,378.7,4,14,368.3,4,15,-,119.2,-,109.6,121.6,90.6,-,81,98.2,88.7,-,-,76.3,114.3,-,96.5,94.4,115.3,-,72.5,105.8,71.5,119.5,-,-,71.5
Robert MacIntyre,5.2,6,"1,548.00",16,46,448.3,4,46,377.7,4,37,351.9,4,17,370.1,4,13,110.8,123.6,-,-,119.9,94,-,84.1,101.9,-,-,-,79.1,112.6,83.7,95.1,97.9,-,-,75.2,-,74.2,117.8,-,103.9,74.2
Xander Schauffele,7.1,5,"1,605.50",16,47,446.4,4,47,492.3,5,6,280,3,46,386.8,4,9,-,130.6,94,-,122.6,99.2,-,88.8,107.6,97.1,-,-,83.6,115.2,-,97.2,103.4,-,-,79.4,-,78.3,120.5,-,109.7,78.3
Sungjae Im,12.3,13,"1,655.70",19,47,571.2,6,11,334.9,4,59,318.9,4,36,430.7,5,6,-,106.2,76.5,97.7,114.1,80.7,96,72.2,87.5,-,-,-,68,107.2,79.7,90.5,84.1,-,-,64.6,-,63.7,112.1,102,89.2,63.7
Maverick McNealy,24.7,20,"1,651.20",18,49,506.8,5,25,446,5,18,341.7,4,27,356.7,4,21,105.8,-,85,108.6,117.7,89.7,-,80.3,97.3,-,-,82.2,75.6,110.6,-,93.3,93.5,-,83.1,71.8,-,70.9,115.7,-,99.2,70.9
Sepp Straka,11.8,11,"1,635.00",18,57,426.3,4,63,521.6,6,2,335.6,4,28,351.5,4,26,-,113.5,-,104.5,122,86.3,-,77.2,93.6,84.5,-,79,72.7,114.6,-,96.8,89.9,-,79.9,69,-,68.1,119.9,-,95.4,68.1
Michael Kim,7.2,8,"1,577.20",17,57,594.4,6,3,346.1,4,50,324.4,4,34,312.3,3,45,100.6,112.3,80.8,103.3,112.1,85.3,-,76.3,92.5,-,-,-,71.9,105.4,78.3,88.9,88.9,-,-,68.3,-,-,110.2,107.8,94.3,-
Jacob Bridgeman,25.6,31,"1,615.20",19,66,552.5,6,16,402.3,5,32,328.3,4,30,332.1,4,39,92.4,103.1,74.2,-,111.2,78.4,93.2,70.1,85,76.7,-,-,66,104.5,77.6,88.2,-,99.8,-,62.7,-,61.9,109.3,99,-,61.9
Brian Harman,30.1,36,"1,616.90",18,66,518.3,5,20,428.1,5,26,328.2,4,31,342.3,4,33,101.5,113.3,-,104.3,113.1,86.1,-,77.1,93.4,-,-,78.9,72.5,106.2,-,89.7,89.8,-,79.8,68.9,-,68,111.1,-,95.2,68
Nick Taylor,20.9,23,"1,529.00",17,67,510,5,23,344.7,4,51,237.9,3,66,436.4,5,5,99.1,110.6,-,101.8,114.4,84.1,-,75.2,91.2,-,-,-,70.8,107.5,79.9,90.7,-,-,-,67.3,98.3,66.4,112.4,-,92.9,66.4
Aaron Rai,34.7,34,"1,536.00",16,72,536.8,5,17,359,4,45,288.7,3,44,351.5,4,27,105,117.2,-,107.8,117.8,89,-,-,96.5,87.2,100.3,-,75,-,-,-,92.8,113.4,82.5,-,-,70.3,-,112.5,98.4,70.3
Samuel Stevens,16.2,19,"1,550.90",17,73,574.8,6,10,428.3,5,25,335.3,4,29,212.5,2,76,96.8,108.1,77.8,99.4,110.6,82.1,-,73.5,89.1,-,92.5,-,69.2,104,77.3,87.7,-,104.6,-,65.7,-,-,108.7,103.8,-,-
Tommy Fleetwood,14.1,10,"1,558.90",16,73,222,2,149,492.2,5,7,457.7,5,3,387,4,8,-,-,-,-,122.9,99.1,-,88.7,107.5,97,-,-,83.5,115.5,85.8,97.5,103.3,-,91.8,79.3,-,78.3,120.8,-,109.6,78.3
Corey Conners,20.6,21,"1,557.80",17,75,413.9,4,75,437.4,5,21,253.9,3,61,452.6,5,4,103.6,-,-,106.4,116,87.9,-,78.6,95.3,-,-,80.5,74,109,-,92,91.6,-,-,70.3,102.7,69.4,114,-,97.1,69.4
Denny McCarthy,38,32,"1,503.40",16,79,506.7,5,26,355.1,4,47,326.9,4,32,314.7,3,44,101.4,-,-,104.1,112.9,86,102.3,77,93.2,-,-,78.8,-,106.1,78.9,89.6,89.6,-,-,68.8,-,-,111,108.6,95.1,-
Alex Noren,44.4,50,"1,564.70",17,82,433.4,4,60,431.4,5,23,343.3,4,26,356.6,4,22,-,116.7,-,107.4,120.6,88.7,-,79.4,96.2,-,99.9,81.2,74.7,-,84.2,95.6,92.5,-,-,71,-,70,118.5,-,98.1,70
Hideki Matsuyama,20.8,18,"1,446.50",16,83,508.2,5,24,333.8,4,62,344.8,4,25,259.7,3,67,105.3,-,84.6,108.2,120.8,89.3,-,79.9,96.9,-,-,81.8,75.2,-,84.4,95.8,93.1,-,-,71.5,-,70.5,118.7,-,-,70.5
Ludvig Aberg,14.6,14,"1,525.90",16,84,305.8,3,130,466.7,5,9,270.6,3,48,482.8,5,3,-,-,89,-,122.8,94,-,84.1,101.9,-,-,86.1,79.2,115.4,-,97.4,98,-,-,75.2,109.8,74.2,120.7,-,103.9,74.2
Kurt Kitayama,48.3,38,"1,592.30",17,84,407.9,4,81,447.1,5,16,417,5,8,320.3,3,42,98.7,-,-,101.4,124.1,83.7,-,74.9,90.8,-,94.3,-,70.5,116.6,86.7,98.4,87.3,-,77.6,67,-,-,122,105.8,92.5,-
Nico Echavarria,31.1,27,"1,421.80",15,86,607.9,6,2,339.5,4,53,181.9,2,72,292.5,3,49,97.5,108.8,-,100.1,120.4,82.7,98.4,-,89.7,81,93.1,75.7,-,-,-,-,-,105.3,76.6,-,96.6,-,-,104.5,91.4,-
Taylor Pendrith,19.4,17,"1,511.20",16,87,384.7,4,98,376.1,4,38,440.9,5,6,309.5,3,47,101.4,-,81.5,-,115.8,86,-,77,93.3,-,96.9,-,-,108.9,80.9,91.9,89.7,109.6,-,68.8,100.5,-,113.9,-,95.1,-
Rory McIlroy,12.3,12,"1,537.20",14,90,242.4,2,147,430.8,4,24,312.5,3,40,551.5,5,1,-,-,-,-,133.3,109.1,-,97.7,118.3,-,122.9,-,91.9,-,93.1,105.7,113.7,-,-,-,127.5,86.2,131,-,120.6,86.2
J.T. Poston,28.8,24,"1,471.00",16,93,413.4,4,76,436.2,5,22,403.5,5,11,217.9,2,75,0,112.6,-,103.5,111.8,85.5,-,76.5,92.7,83.7,-,78.3,-,105,78.1,88.7,89.1,-,79.2,68.4,-,-,109.9,108,-,-
Jordan Spieth,12.4,16,"1,550.90",17,95,512.9,5,22,440.3,5,19,433.9,5,7,163.8,2,136,101.9,-,-,104.7,117.1,86.4,102.8,-,93.7,84.6,-,79.2,72.8,110,81.7,92.8,-,110.1,80.1,69.2,-,-,-,-,95.5,68.3
Akshay Bhatia,46.8,35,"1,505.20",17,96,416.9,4,71,427.5,5,27,410.9,5,10,249.9,3,68,-,111.4,-,102.5,118.4,84.6,-,75.7,91.8,-,-,77.5,71.3,111.2,82.7,93.9,88.2,-,78.4,67.7,-,66.8,116.3,-,-,66.8
Billy Horschel,54.8,46,"1,457.40",16,96,517.6,5,21,358.5,4,46,308.8,4,42,272.5,3,59,95.5,106.6,-,98,121.2,-,96.3,-,-,79.3,91.2,74.2,-,113.8,84.6,-,84.4,-,75,64.8,-,-,119.1,-,89.5,63.9
Rico Hoey,23.4,22,"1,405.50",15,100,685.1,7,1,338.5,4,55,181.4,2,74,200.5,2,80,97.2,108.5,78.1,99.8,120.9,82.5,98.1,-,89.4,80.7,92.9,75.5,-,-,-,-,-,105,76.4,-,96.3,-,-,104.2,-,-
Daniel Berger,63.7,72,"1,556.40",17,103,502.1,5,29,438.5,5,20,414.9,5,9,200.9,2,78,98,109.4,-,100.6,111,83.1,-,74.4,90.1,-,93.6,76.1,-,104.3,77.5,88,-,105.9,77,66.5,-,-,109,-,91.9,-
Harry Hall,15.7,15,"1,330.60",15,104,305.5,3,131,352.7,4,48,326.1,4,33,346.3,4,30,100.2,-,-,-,120.3,85,-,76,92.1,-,-,-,71.6,113,84,95.4,-,-,78.7,68,-,67.1,118.2,-,93.9,67.1
Matt Fitzpatrick,34.1,29,"1,308.50",14,106,213.3,2,154,376,4,39,350.8,4,20,368.4,4,14,-,-,-,-,119.9,93.4,-,83.5,101.2,-,-,-,78.6,112.7,83.7,95.1,97.3,-,-,74.7,-,73.7,117.8,-,103.2,73.7
Collin Morikawa,35.1,40,"1,397.10",15,106,318.7,3,128,369.4,4,42,346.7,4,23,362.3,4,18,106.6,-,-,-,121.7,90.4,-,80.9,98,-,-,-,76.1,114.4,-,96.5,94.2,-,83.7,72.3,-,71.4,119.6,-,99.9,71.4
Andrew Novak,37.4,42,"1,497.30",18,106,273.1,3,140,495.9,6,4,396.1,5,12,332.2,4,38,-,-,78.5,-,111.7,82.9,-,74.2,89.9,81.1,-,75.9,69.8,105,78,88.6,86.4,-,76.8,66.3,-,65.4,109.8,-,91.6,65.4
Chris Gotterup,44.8,39,"1,373.40",15,110,313,3,129,360.7,4,44,345.4,4,24,354.3,4,25,101.6,-,-,-,125.2,86.2,-,77.1,93.4,-,-,-,72.6,117.6,87.4,99.3,89.8,-,-,68.9,-,68,123,-,95.3,68
John Keefer,41.2,51,"1,401.10",16,111,474.4,5,37,401.9,5,33,263.2,3,57,261.6,3,65,95.7,106.9,76.9,98.3,-,-,96.6,-,88.1,79.5,91.5,74.4,68.4,-,-,-,84.6,103.4,75.2,-,94.9,64.1,-,102.6,-,-
Russell Henley,29.4,28,"1,360.00",14,112,334.3,3,125,388.7,4,34,362.7,4,16,274.3,3,57,113.9,-,-,-,123.8,96.6,-,86.4,104.7,-,-,-,81.3,116.3,86.5,98.2,100.7,-,-,77.3,-,76.3,121.7,-,-,76.3
Harris English,59.6,72,"1,420.60",15,112,419.9,4,66,372,4,41,264.2,3,54,364.5,4,17,-,121.4,87.4,-,118.8,92.3,-,82.6,100.1,-,-,-,77.7,111.6,-,94.2,96.2,-,-,73.8,-,72.9,116.7,-,102,72.9
Patrick Cantlay,32.7,26,"1,306.80",14,114,415.1,4,72,368,4,43,262.1,3,58,261.6,3,66,-,118.3,85.2,-,121.7,89.9,-,80.5,97.5,-,-,-,75.7,114.3,-,96.5,93.7,-,-,71.9,-,71,119.6,-,-,71
Michael Brennan,22,25,"1,261.00",14,114,475.8,5,35,323.2,4,72,264,3,55,198,2,82,96,107.2,77.1,98.6,-,-,96.9,-,88.3,-,91.7,74.6,68.6,-,-,-,84.9,103.7,75.4,-,95.1,-,-,102.9,-,-
Ryan Gerard,29.4,33,"1,546.80",18,114,560.3,6,13,492.3,6,5,385.7,5,13,108.5,1,164,94.2,105.1,75.7,-,110.4,79.9,95,71.5,86.6,-,90,73.2,67.3,103.7,77.1,87.5,83.2,-,74,63.9,-,-,108.5,-,-,-
Keegan Bradley,49.6,43,"1,396.90",15,114,409.3,4,80,458.8,5,11,265.4,3,53,263.4,3,64,109.5,-,88,-,118.9,92.9,-,83.1,100.7,-,-,85.1,78.2,111.7,-,94.3,96.8,-,-,74.3,-,73.3,116.8,-,-,73.3
Viktor Hovland,47.9,47,"1,327.00",14,117,215.1,2,152,471.2,5,8,269.2,3,50,371.5,4,12,-,-,-,-,121,94.1,-,84.2,102,92.1,-,-,79.2,113.7,-,95.9,98,-,-,75.3,-,74.3,118.9,-,104,74.3
Shane Lowry,66.1,72,"1,460.70",16,118,397.6,4,91,448.2,5,15,256,3,60,358.9,4,20,-,-,84.8,108.4,114.9,89.5,-,80.1,97.1,87.7,-,-,75.4,107.9,-,91.1,93.3,-,-,71.6,104.6,70.7,112.9,-,-,70.7
Wyndham Clark,39.9,44,"1,391.70",16,119,399.4,4,89,425.9,5,30,257.5,3,59,308.9,4,48,-,105.5,-,97.1,116.6,80.2,-,71.7,86.9,-,90.3,-,67.5,109.5,81.4,92.5,83.6,-,-,-,93.7,63.3,-,-,88.6,63.3
Adam Scott,69.6,72,"1,417.70",16,122,501.5,5,30,300.7,4,90,348.8,4,21,266.7,3,62,97.6,109,-,100.3,111.8,82.8,-,74.1,-,81.1,-,75.8,69.7,-,78,88.6,-,105.5,76.7,-,-,-,109.8,-,91.5,65.4
Matti Schmid,71.1,56,"1,350.80",15,123,579,6,8,321.9,4,73,172.5,2,92,277.4,3,54,92.5,103.2,74.3,94.9,120.8,-,93.3,-,85,76.8,88.3,71.8,-,-,-,-,-,99.9,72.6,-,91.6,-,-,99.1,86.7,-
Jake Knapp,37.5,30,"1,270.60",14,124,581.8,6,7,323.7,4,71,173.4,2,90,191.7,2,92,92.9,103.7,74.7,95.4,121.3,-,93.8,-,85.5,77.2,88.8,72.2,-,-,-,-,-,100.4,73,-,92.1,-,-,99.6,-,-
Matt McCarty,49.3,45,"1,203.40",13,126,482.2,5,34,338.9,4,54,181.6,2,73,200.7,2,79,97.3,108.6,78.2,99.9,-,-,98.2,-,89.5,80.8,93,75.6,-,-,-,-,-,105.1,76.5,-,96.4,-,-,104.3,-,-
Lucas Glover,69.7,72,"1,452.90",16,126,404.2,4,86,426.2,5,29,310.7,4,41,311.8,3,46,0,108.8,-,100.1,112.6,82.7,-,74,89.7,81,-,75.7,-,105.8,78.6,89.3,-,-,76.6,66.2,96.6,-,110.7,104.5,-,-
Vince Whaley,70.2,53,"1,297.20",14,127,590.4,6,4,332.1,4,65,178,2,81,196.7,2,84,95.4,106.5,76.7,97.9,117.7,-,96.2,-,87.7,79.2,91.1,74.1,-,-,-,-,-,103.1,74.9,-,94.5,-,-,102.2,-,-
Rickie Fowler,61,72,"1,403.10",15,129,414.5,4,74,449.5,5,14,318.6,4,37,220.5,2,74,-,111.6,-,102.7,115.4,84.8,-,75.9,92,-,95.5,77.7,-,108.4,80.6,91.5,-,-,78.6,67.9,-,-,113.4,107.1,-,-
Kevin Yu,68,52,"1,259.00",14,130,487.1,5,33,321.9,4,74,172.6,2,91,277.4,3,53,-,103.2,74.3,94.9,121.4,-,93.3,-,85,76.8,88.3,71.8,-,-,-,-,-,99.9,72.7,-,91.6,-,-,99.1,86.7,-
Tom Hoge,70.4,72,"1,390.20",17,132,443.2,5,52,387.8,5,35,374.6,5,15,184.6,2,102,84.1,93.9,-,86.3,107.6,71.3,-,63.8,77.3,-,80.3,65.3,-,101.1,75.2,85.4,-,90.8,66.1,57.1,-,-,105.8,-,78.8,-
Rasmus Hojgaard,60,67,"1,289.00",14,133,288.7,3,136,347.6,4,49,279.6,3,47,373.1,4,10,-,-,81.7,104.4,-,-,102.6,-,93.5,84.4,97.1,-,72.6,-,-,-,89.9,109.8,79.9,-,100.8,-,-,108.9,95.3,68.1
Max Greyserman,40,41,"1,213.80",13,134,411.3,4,77,335.6,4,57,269.8,3,49,197.1,2,83,0,109.5,-,100.8,117.8,83.2,-,-,90.2,81.5,93.8,-,70.1,-,-,-,86.7,106,77.1,-,-,-,-,105.1,92,-
Brian Campbell,71.7,72,"1,338.70",17,136,498.2,6,32,296.4,4,94,351.5,5,18,192.6,2,90,82,91.5,65.9,-,106.6,69.5,82.7,62.2,75.4,-,-,-,58.6,100.2,74.4,84.6,72.5,-,64.4,55.6,-,-,104.8,87.8,-,-
Emiliano Grillo,70.6,60,"1,286.10",14,137,585.3,6,6,329.3,4,68,176.5,2,86,195,2,87,94.6,105.5,76,97.1,116.7,-,95.4,-,87,78.5,90.3,73.5,-,-,-,-,-,102.2,74.3,-,93.7,-,-,101.3,-,-
Justin Thomas,69.9,72,"1,180.10",13,137,91.1,1,166,372.5,4,40,351.2,4,19,365.3,4,16,-,-,-,-,-,91.1,-,81.5,98.8,-,-,-,76.7,115.5,85.8,97.5,95,-,-,72.9,-,71.9,120.8,-,100.7,71.9
Gary Woodland,71.7,72,"1,276.30",15,141,452.6,5,43,318,4,78,170.5,2,99,335.2,4,36,91.3,101.9,73.4,93.8,-,-,92.2,-,84,75.8,87.3,70.9,-,-,-,-,-,98.7,71.8,-,90.5,61.2,-,97.9,85.6,-
Mac Meissner,70.7,55,"1,176.00",13,143,471.1,5,38,331.3,4,66,177.4,2,82,196.2,2,85,95.1,106.1,76.4,97.6,-,-,95.9,-,87.5,79,90.9,73.9,-,-,-,-,-,102.7,74.7,-,94.3,-,-,101.9,-,-
Mackenzie Hughes,69.9,72,"1,244.70",14,145,475.5,5,36,320.8,4,75,172,2,93,276.4,3,55,0,102.9,74.1,94.6,110.9,-,93,-,84.7,76.5,88,71.6,-,-,-,-,-,99.6,72.4,-,91.3,-,-,98.7,86.4,-
Sami Valimaki,54,57,"1,212.70",13,146,414.8,4,73,333.6,4,63,268.3,3,52,196,2,86,0,108.9,-,100.2,122.9,82.8,-,-,89.7,81,93.2,-,69.7,-,-,-,86.2,105.4,76.7,-,-,-,-,104.5,91.5,-
Justin Rose,69.8,72,"1,300.60",15,147,282,3,137,427.1,5,28,249,3,62,342.5,4,32,-,-,80.4,-,116.7,84.9,-,76,92.1,-,-,77.8,71.5,109.7,-,92.6,88.5,-,-,67.9,-,67,114.7,-,93.8,67
Jason Day,70.9,72,"1,302.10",14,148,394.8,4,92,446.1,5,17,238.6,3,65,222.6,2,73,-,112,80.6,-,117.1,85.1,-,76.2,92.3,-,95.9,-,71.7,110,81.8,-,88.7,-,-,68.1,-,-,115.1,107.5,-,-
Kristoffer Reitan,54.7,72,"1,296.30",15,148,367.7,4,109,313.8,4,82,263.4,3,56,351.4,4,28,95.8,-,77,98.3,-,-,96.6,-,-,79.5,91.5,74.4,68.4,-,-,-,84.7,103.5,75.2,-,94.9,-,-,102.6,89.8,64.1
Ryan Fox,63.6,72,"1,201.10",14,149,191.8,2,156,334.9,4,60,314.9,4,39,359.5,4,19,-,-,-,-,109.7,82.1,-,73.5,89.1,-,-,-,69.2,103.1,76.6,87,85.6,-,-,65.7,96,-,107.8,-,90.8,64.9
Marco Penge,63.9,71,"1,265.30",14,149,303.1,3,133,344.5,4,52,288.5,3,45,329.2,4,40,-,-,-,103.4,114.2,85.5,-,-,92.6,83.7,96.2,-,72,-,-,90.6,89.1,108.8,-,-,99.8,67.5,-,-,94.4,67.5
Steven Fisk,71.5,72,"1,293.50",15,154,558,6,14,308.7,4,87,243.9,3,64,182.9,2,107,88.6,98.9,71.2,91,118.9,-,89.4,-,81.5,73.6,84.7,68.9,-,-,-,-,78.4,95.8,69.7,-,87.9,-,-,95,-,-
Keith Mitchell,57.7,58,"1,135.00",13,155,450.9,5,45,241.3,3,109,169.8,2,101,273,3,58,91,101.6,73.1,93.4,-,-,91.8,-,83.7,-,86.9,70.7,-,-,-,-,-,98.3,71.5,-,90.2,-,-,97.5,85.3,-
William Mouw,71.3,61,"1,190.30",14,157,445.1,5,49,312.8,4,83,247.1,3,63,185.3,2,101,89.8,100.3,72.2,92.2,-,-,90.6,-,82.6,74.6,85.8,69.8,-,-,-,-,79.4,97.1,70.6,-,89,-,-,96.3,-,-
Alex Smalley,70,62,"1,239.70",14,157,569.5,6,12,314.9,4,81,168.8,2,104,186.5,2,98,90.4,100.9,72.7,92.9,121.4,-,91.2,-,83.2,75.1,86.4,70.2,-,-,-,-,-,97.7,71.1,-,89.6,-,-,96.9,-,-
Christiaan Bezuidenhout,71.1,72,"1,185.20",13,158,381,4,102,335.4,4,58,179.8,2,79,289,3,50,0,107.5,77.4,98.9,-,-,97.2,-,88.6,80,92,74.8,-,-,-,-,-,104.1,75.7,-,95.5,-,-,103.2,90.3,-
Nicolai Hojgaard,71.5,72,"1,147.10",13,159,274.6,3,139,336.9,4,56,180.5,2,78,355.1,4,24,-,-,77.7,99.3,-,-,97.6,-,89,80.3,92.4,75.2,-,-,-,-,-,104.5,76,-,95.9,-,-,103.7,90.7,64.8
Michael Thorbjornsen,33.6,37,"1,038.60",11,160,401,4,88,257,3,104,180.8,2,76,199.8,2,81,0,-,77.9,99.5,125.8,-,97.8,-,89.1,-,92.6,75.3,-,-,-,-,-,104.7,76.1,-,96,-,-,103.8,-,-
Thorbjorn Olesen,71.8,72,"1,176.10",13,161,378.1,4,103,332.9,4,64,178.4,2,80,286.7,3,51,0,106.7,76.8,98.2,-,-,96.4,-,87.9,79.4,91.3,74.3,-,-,-,-,-,103.3,75.1,-,94.7,-,-,102.4,89.6,-
Jhonattan Vegas,71.3,72,"1,211.10",14,162,360.6,4,112,330.4,4,67,316.7,4,38,203.4,2,77,-,102.2,73.6,-,107.1,77.7,-,69.5,84.2,76,-,-,-,100.7,74.8,-,80.9,98.9,-,62.1,-,-,105.3,98.1,-,-
Chandler Blanchet,71.6,59,"1,073.90",12,163,464.9,5,39,240.4,3,110,175.1,2,87,193.5,2,88,93.8,104.7,75.4,96.3,-,-,94.7,-,-,77.9,89.6,72.9,-,-,-,-,-,101.4,73.7,-,93,-,-,100.5,-,-
Rasmus Neergaard-Petersen,71.7,72,"1,130.70",13,164,275.5,3,138,318,4,79,181,2,75,356.2,4,23,-,-,78,99.6,-,-,97.9,-,-,80.6,92.7,75.4,69.3,-,-,-,-,104.8,76.2,-,96.2,-,-,104,91,65
Pierceson Coody,67.8,54,"1,055.00",12,167,456.8,5,41,236.2,3,112,172,2,94,190,2,93,92.2,102.9,74.1,94.6,-,-,93,-,-,76.5,88.1,71.6,-,-,-,-,-,99.6,72.4,-,91.3,-,-,98.7,-,-
Davis Riley,71.9,72,"1,155.80",16,167,384.4,5,99,325.4,5,69,213.3,3,70,232.7,3,71,77.6,86.6,62.3,79.6,-,-,78.3,-,71.3,64.4,74.1,60.2,55.4,-,-,-,68.6,83.8,60.9,-,76.9,-,-,83.1,72.7,-
Eric Cole,64.6,68,"1,134.20",13,167,454.5,5,42,319.3,4,77,171.2,2,98,189.2,2,95,91.7,102.4,73.7,94.2,-,-,92.5,-,84.3,76.2,87.6,71.2,-,-,-,-,-,99.1,72.1,-,90.9,-,-,98.3,-,-
Jordan Smith,71.4,72,"1,131.80",13,168,364,4,110,242.9,3,108,176.9,2,84,348,4,29,94.8,-,76.2,97.3,-,-,95.7,-,-,78.7,90.6,73.6,-,-,-,-,-,102.4,74.5,-,94,-,-,101.6,88.9,63.5
Patrick Rodgers,70.9,66,"1,214.20",14,168,556.6,6,15,309,4,86,165.6,2,109,183,2,106,88.7,99,71.3,91.1,117,-,89.5,-,81.6,73.7,84.8,68.9,-,-,-,-,-,95.9,69.7,-,87.9,-,-,95.1,-,-
Tom Kim,66.7,72,"1,115.70",13,170,446.4,5,48,230.9,3,117,168.1,2,106,270.3,3,61,90.1,100.5,72.4,92.5,-,-,90.9,-,-,74.8,86.1,70,-,-,-,-,-,97.3,70.8,-,89.3,-,-,96.5,84.5,-
Tony Finau,67.4,72,"1,127.60",13,173,451.9,5,44,317.5,4,80,170.1,2,100,188.1,2,96,91.2,101.8,73.3,93.6,-,-,92,-,83.9,75.7,87.1,70.8,-,-,-,-,-,98.5,71.6,-,90.4,-,-,97.7,-,-
Byeong Hun An,65.7,72,"1,130.40",13,176,363.3,4,111,320,4,76,171.5,2,95,275.6,3,56,0,102.5,73.8,94.3,-,-,92.7,-,84.5,76.3,87.8,71.4,-,-,-,-,-,99.3,72.2,-,91.1,-,-,98.4,86.1,-
Haotong Li,69.9,72,"1,145.80",14,178,347.8,4,120,296.7,4,93,169,2,102,332.3,4,37,90.6,-,72.8,93,-,-,91.4,-,-,75.2,86.5,70.3,64.7,-,-,-,-,97.8,71.2,-,89.8,-,-,97,84.9,60.6
John Parry,71.9,72,"1,096.80",13,179,352.7,4,116,235.5,3,113,171.5,2,96,337.1,4,34,91.9,-,73.8,94.3,-,-,92.7,-,-,76.3,87.8,71.4,-,-,-,-,-,99.3,72.2,-,91.1,-,-,98.4,86.1,61.5
Keita Nakajima,71.9,72,"1,096.30",13,181,352.6,4,117,235.3,3,114,171.4,2,97,337,4,35,91.8,-,73.8,94.3,-,-,92.7,-,-,76.3,87.7,71.3,-,-,-,-,-,99.2,72.2,-,91,-,-,98.4,86.1,61.5
Takumi Kanaya,71.9,64,"1,100.70",13,181,441.1,5,54,309.9,4,85,166.1,2,108,183.6,2,104,89,99.4,71.5,91.4,-,-,89.8,-,81.9,73.9,85,69.1,-,-,-,-,-,96.2,69.9,-,88.2,-,-,95.4,-,-
Mark Hubbard,71.1,72,"1,103.30",13,184,442.1,5,53,310.7,4,84,166.5,2,107,184,2,103,89.2,99.6,71.7,91.6,-,-,90,-,82.1,74.1,85.2,69.3,-,-,-,-,-,96.4,70.1,-,88.4,-,-,95.6,-,-
Davis Thompson,60.4,65,"1,061.20",12,184,369.3,4,108,325.1,4,70,174.3,2,89,192.5,2,91,0,104.2,75,95.9,-,-,94.2,-,85.9,77.5,89.2,72.5,-,-,-,-,-,100.9,73.4,-,92.5,-,-,100,-,-
Chris Kirk,45.2,48,"1,052.10",11,185,505.8,5,27,261.9,3,102,180.7,2,77,103.7,1,167,96.8,108,-,99.4,119.5,82.1,-,-,89,80.4,92.5,-,-,-,-,-,-,104.6,76.1,-,-,-,-,103.7,-,-
Will Zalatoris,71.3,72,"1,096.40",13,186,349.3,4,119,234.1,3,115,323.2,4,35,189.8,2,94,0,102.7,74,94.5,-,78.1,-,69.8,-,76.4,87.9,-,-,-,-,89.1,-,99.4,72.3,62.4,91.2,-,-,98.6,-,-
Brooks Koepka,61.2,70,994.5,13,188,242.3,3,148,216.4,3,127,219.6,3,68,316.2,4,43,-,-,72.7,92.9,-,76.7,-,68.6,83.2,-,-,-,64.6,-,78.3,-,79.9,-,-,61.4,-,60.6,110.2,-,84.8,60.6
Ryo Hisatsune,71.3,72,"1,090.60",14,191,406.3,5,83,285.5,4,96,153,2,127,245.8,3,69,82,91.5,65.9,84.2,-,-,82.7,-,75.4,68.1,78.3,63.7,-,-,-,-,-,88.6,64.4,-,81.2,-,-,87.8,76.8,-
Max McGreevy,48.1,49,"1,035.50",11,191,499.9,5,31,256.8,3,105,177.1,2,83,101.7,1,168,94.9,105.9,-,97.4,121.2,80.5,-,-,87.3,78.8,90.7,-,-,-,-,-,-,102.5,74.6,-,-,-,-,101.7,-,-
Bud Cauley,63.4,72,"1,208.50",14,192,383.7,4,100,416.3,5,31,301.9,4,43,106.6,1,165,95.7,-,-,98.3,108.5,81.2,-,72.6,88,79.5,-,74.3,-,101.9,75.8,86,-,-,75.2,64.9,-,-,106.6,-,-,-
Adrien Saddier,72,72,"1,050.70",13,195,337.9,4,124,225.6,3,121,164.3,2,114,322.9,4,41,88,-,70.7,90.4,-,-,88.8,-,-,73.1,84.1,68.4,-,-,-,-,-,95.1,69.2,-,87.2,-,-,94.3,82.5,58.9
Neal Shipley,70.8,69,"1,015.00",12,197,439.4,5,56,227.2,3,118,165.5,2,110,182.9,2,108,88.7,99,71.2,91,-,-,89.5,-,-,73.6,84.7,68.9,-,-,-,-,-,95.8,69.7,-,87.9,-,-,95,-,-
Adrien Dumont de Chassart,71.8,63,"1,009.60",12,198,437.1,5,58,226,3,120,164.6,2,112,181.9,2,112,88.2,98.4,70.9,90.6,-,-,89,-,-,73.2,84.3,68.5,-,-,-,-,-,95.3,69.3,-,87.4,-,-,94.5,-,-
Daniel Brown,71.9,72,"1,018.30",12,198,347,4,121,231.6,3,116,168.6,2,105,271.1,3,60,90.4,-,72.6,92.8,-,-,91.2,-,-,75.1,86.3,70.2,-,-,-,-,-,97.6,71,-,89.6,-,-,96.8,84.7,-
,,,,,307,,,192,,,192,,,192,,,192,,,,,,,,,,,,,,,,,,,,,,,,,,
Adam Schenk,71.7,#N/A,"1,161.50",15,#N/A,505,6,28,275.6,4,99,217.7,3,69,163.2,2,138,79.1,88.3,63.6,81.3,112.9,-,79.8,-,72.8,65.7,75.6,61.5,-,-,-,-,70,85.5,62.2,-,78.4,-,-,84.8,-,-
Min Woo Lee,70.9,#N/A,"1,114.80",12,#N/A,406.7,4,82,334.4,4,61,268.9,3,51,104.8,1,166,0,109.2,-,100.4,114.1,83,-,-,89.9,81.2,93.4,-,69.9,-,-,-,86.4,105.7,76.8,-,-,-,-,104.8,-,-
Stephan Jaeger,71.7,#N/A,"1,114.30",13,#N/A,461.3,5,40,306.9,4,88,164.4,2,113,181.7,2,113,0,98.3,70.8,90.5,112.8,-,88.9,-,81,73.2,84.2,68.5,-,-,-,-,-,95.2,69.2,-,87.3,-,-,94.4,-,-
Kevin Roy,71.9,#N/A,"1,081.20",13,#N/A,433.3,5,61,304.4,4,89,163.2,2,116,180.3,2,115,87.4,97.6,70.3,89.8,-,-,88.2,-,80.4,72.6,83.5,67.9,-,-,-,-,-,94.5,68.7,-,86.6,-,-,93.7,-,-
Erik van Rooyen,71.9,#N/A,"1,071.50",14,#N/A,399.1,5,90,280.5,4,98,150.3,2,131,241.6,3,70,80.5,89.9,64.7,82.7,-,-,81.3,-,74.1,66.9,76.9,62.6,-,-,-,-,-,87,63.3,-,79.8,-,-,86.3,75.5,-
Chad Ramey,71.8,#N/A,"1,055.00",13,#N/A,422.8,5,64,297.1,4,91,159.2,2,118,175.9,2,119,85.3,95.2,68.6,87.6,-,-,86.1,-,78.5,70.8,81.5,66.3,-,-,-,-,-,92.2,67,-,84.5,-,-,91.4,-,-
Zach Johnson,72,#N/A,"1,051.00",14,#N/A,405.8,5,85,268.4,4,100,152.9,2,129,223.9,3,72,81.9,91.4,65.8,84.1,-,-,82.6,-,-,68,78.3,63.6,58.5,-,-,-,-,88.5,64.4,-,81.2,-,-,87.8,-,54.9
Chandler Phillips,71.7,#N/A,"1,043.00",13,#N/A,417.9,5,70,293.7,4,95,157.4,2,123,174,2,125,84.3,94.1,67.8,86.6,-,-,85.1,-,77.6,70,80.6,65.5,-,-,-,-,-,91.1,66.3,-,83.6,-,-,90.4,-,-
Joe Highsmith,71.7,#N/A,"1,016.30",15,#N/A,444.9,6,50,239.9,4,111,189.4,3,71,142.1,2,159,68.9,76.9,55.4,70.7,103.5,-,69.5,-,63.4,57.2,65.8,53.5,-,-,-,-,60.9,74.4,54.1,-,68.3,-,-,73.8,-,-
Sahith Theegala,62.5,#N/A,"1,014.10",12,#N/A,439.1,5,57,227,3,119,165.3,2,111,182.7,2,109,88.6,98.9,71.2,91,-,-,89.4,-,-,73.6,84.6,68.8,-,-,-,-,-,95.7,69.6,-,87.8,-,-,94.9,-,-
Max Homa,59.2,#N/A,"1,010.30",12,#N/A,358,4,115,296.7,4,92,168.9,2,103,186.7,2,97,0,101,72.7,93,-,-,91.3,-,-,75.2,86.5,70.3,64.7,-,-,-,-,97.8,71.1,-,89.7,-,-,97,-,-
Austin Eckroat,70.9,#N/A,"1,007.00",12,#N/A,436,5,59,225.4,3,122,164.1,2,115,181.5,2,114,88,98.2,70.7,90.3,-,-,88.8,-,-,73.1,84,68.3,-,-,-,-,-,95,69.1,-,87.2,-,-,94.3,-,-
Zecheng Dou,72,#N/A,985.3,12,#N/A,426.6,5,62,220.6,3,123,160.6,2,117,177.5,2,118,86.1,96.1,69.2,88.4,-,-,86.8,-,-,71.5,82.2,66.9,-,-,-,-,-,93,67.6,-,85.3,-,-,92.2,-,-
Austin Smotherman,72,#N/A,970.7,12,#N/A,420.3,5,65,217.3,3,124,158.2,2,119,174.9,2,120,84.8,94.7,68.1,87.1,-,-,85.6,-,-,70.4,81,65.9,-,-,-,-,-,91.6,66.6,-,84,-,-,90.9,-,-
Emilio Gonzalez,-,#N/A,969,12,#N/A,419.4,5,67,217,3,125,158,2,120,174.6,2,121,84.6,94.5,68,86.9,-,-,85.4,-,-,70.3,80.9,65.8,-,-,-,-,-,91.5,66.5,-,83.9,-,-,90.7,-,-
Christo Lamprecht,71.8,#N/A,966.9,12,#N/A,418.6,5,68,216.4,3,126,157.7,2,121,174.2,2,123,84.5,94.3,67.9,86.7,-,-,85.2,-,-,70.1,80.7,65.6,-,-,-,-,-,91.3,66.4,-,83.7,-,-,90.5,-,-
Luke Clanton,69.1,#N/A,966.2,12,#N/A,418.3,5,69,216.3,3,128,157.5,2,122,174.1,2,124,84.4,94.2,67.8,86.7,-,-,85.2,-,-,70.1,80.6,65.6,-,-,-,-,-,91.2,66.3,-,83.7,-,-,90.4,-,-
Aldrich Potgieter,71.3,#N/A,959.1,12,#N/A,359.1,4,114,283.4,4,97,227.8,3,67,88.8,1,170,0,92.5,-,85.1,111.2,70.3,-,-,76.2,68.8,79.2,-,59.2,-,-,-,73.2,89.5,65.1,-,-,-,-,88.8,-,-
Hank Lebioda,72,#N/A,947,12,#N/A,410,5,78,212,3,129,154.4,2,124,170.6,2,128,82.7,92.3,66.5,85,-,-,83.5,-,-,68.7,79,64.3,-,-,-,-,-,89.4,65,-,82,-,-,88.6,-,-
S.H. Kim,#N/A,#N/A,946.4,12,#N/A,409.7,5,79,211.9,3,130,154.3,2,125,170.5,2,129,82.7,92.3,66.4,84.9,-,-,83.4,-,-,68.7,79,64.2,-,-,-,-,-,89.3,65,-,81.9,-,-,88.6,-,-
Garrick Higgo,69.4,#N/A,940.5,10,#N/A,405.9,4,84,256.3,3,106,176.8,2,85,101.5,1,169,0,105.8,-,97.3,122.4,80.4,-,-,87.1,78.7,90.5,-,-,-,-,-,-,102.4,74.4,-,-,-,-,101.5,-,-
Davis Chatfield,#N/A,#N/A,928.7,12,#N/A,402.1,5,87,207.9,3,133,151.4,2,130,167.3,2,134,81.1,90.6,65.2,83.3,-,-,81.9,-,-,67.4,77.5,63,-,-,-,-,-,87.7,63.7,-,80.4,-,-,86.9,-,-
Cam Davis,72,#N/A,925.5,13,#N/A,370.8,5,107,260.6,4,103,139.7,2,143,154.4,2,150,74.8,83.5,60.1,76.9,-,-,75.5,-,68.8,62.2,71.5,58.1,-,-,-,-,-,80.9,58.8,-,74.2,-,-,80.2,-,-
Pontus Nyholm,#N/A,#N/A,912.1,12,#N/A,394.8,5,93,204.2,3,134,148.7,2,132,164.4,2,135,79.7,88.9,64,81.8,-,-,80.4,-,-,66.2,76.1,61.9,-,-,-,-,-,86.1,62.6,-,79,-,-,85.4,-,-
John VanDerLaan,72,#N/A,906.7,12,#N/A,392.5,5,94,203,3,135,147.8,2,133,163.4,2,137,79.2,88.4,63.7,81.3,-,-,79.9,-,-,65.8,75.7,61.5,-,-,-,-,-,85.6,62.2,-,78.5,-,-,84.9,-,-
S.T. Lee,#N/A,#N/A,899.9,12,#N/A,389.6,5,95,201.5,3,136,146.7,2,134,162.1,2,139,78.6,87.8,63.2,80.7,-,-,79.3,-,-,65.3,75.1,61.1,-,-,-,-,-,84.9,61.8,-,77.9,-,-,84.2,-,-
Danny Walker,72,#N/A,896.2,13,#N/A,359.1,5,113,252.4,4,107,135.2,2,146,149.5,2,154,72.5,80.9,58.2,74.4,-,-,73.1,-,66.7,60.2,69.2,56.3,-,-,-,-,-,78.3,56.9,-,71.8,-,-,77.7,-,-
Zach Bauchou,#N/A,#N/A,889.6,12,#N/A,385.1,5,96,199.1,3,137,145.1,2,135,160.3,2,141,77.7,86.7,62.5,79.8,-,-,78.4,-,-,64.5,74.2,60.4,-,-,-,-,-,84,61.1,-,77,-,-,83.3,-,-
Brice Garnett,-,#N/A,889,12,#N/A,384.9,5,97,199,3,138,144.9,2,136,160.2,2,142,77.7,86.7,62.4,79.7,-,-,78.4,-,-,64.5,74.2,60.3,-,-,-,-,-,83.9,61,-,77,-,-,83.2,-,-
Jeffrey Kang,#N/A,#N/A,883.5,12,#N/A,382.5,5,101,197.8,3,139,144,2,137,159.2,2,143,77.2,86.1,62,79.3,-,-,77.9,-,-,64.1,73.7,60,-,-,-,-,-,83.4,60.6,-,76.5,-,-,82.7,-,-
Karl Vilips,72,#N/A,875.4,12,#N/A,304.7,4,132,268.2,4,101,143.7,2,138,158.8,2,144,0,86,61.9,79.1,-,-,77.7,-,70.8,64,73.6,59.8,-,-,-,-,-,83.2,60.5,-,76.3,-,-,82.5,-,-
Patton Kizzire,-,#N/A,869.8,12,#N/A,376.6,5,104,194.7,3,140,141.8,2,139,156.7,2,145,76,84.8,61.1,78,-,-,76.7,-,-,63.1,72.6,59,-,-,-,-,-,82.1,59.7,-,75.3,-,-,81.4,-,-
Nick Dunlap,71.7,#N/A,859.7,12,#N/A,372.2,5,105,192.5,3,142,140.1,2,141,154.9,2,148,75.1,83.8,60.4,77.1,-,-,75.8,-,-,62.4,71.8,58.3,-,-,-,-,-,81.1,59,-,74.4,-,-,80.5,-,-
Kensei Hirata,#N/A,#N/A,859,12,#N/A,371.8,5,106,192.3,3,143,140.1,2,142,154.8,2,149,75,83.8,60.3,77,-,-,75.7,-,-,62.3,71.7,58.3,-,-,-,-,-,81.1,59,-,74.4,-,-,80.4,-,-
Trace Crowe,-,#N/A,857,11,#N/A,324.5,4,126,210.2,3,131,153.1,2,126,169.2,2,132,0,91.6,65.9,84.2,-,-,82.8,-,-,68.1,78.4,63.7,-,-,-,-,-,88.6,64.5,-,81.3,-,-,87.9,-,-
Charley Hoffman,71.9,#N/A,856.5,11,#N/A,324.3,4,127,210.1,3,132,153,2,128,169.1,2,133,-,91.5,65.9,84.2,-,-,82.7,-,-,68.1,78.3,63.7,-,-,-,-,-,88.6,64.4,-,81.3,-,-,87.8,-,-
Matt Kuchar,-,#N/A,813.9,9,#N/A,295.3,3,135,150.6,2,161,174.8,2,88,193.2,2,89,-,104.6,-,96.2,-,-,94.5,-,-,77.8,-,72.8,-,-,-,-,-,101.2,73.6,-,92.8,-,-,100.4,-,-
Matthieu Pavon,-,#N/A,811.9,12,#N/A,351.5,5,118,181.8,3,146,132.3,2,147,146.3,2,155,70.9,79.2,57,72.8,-,-,71.6,-,-,58.9,67.8,55.1,-,-,-,-,-,76.6,55.7,-,70.3,-,-,76,-,-
Peter Malnati,71.9,#N/A,791.2,12,#N/A,342.5,5,122,177.1,3,148,129,2,149,142.6,2,158,69.1,77.2,55.5,71,-,-,69.7,-,-,57.4,66,53.7,-,-,-,-,-,74.7,54.3,-,68.5,-,-,74.1,-,-
Sudarshan Yellamaraju,72,#N/A,781.6,12,#N/A,338.4,5,123,174.9,3,149,127.4,2,150,140.9,2,160,68.3,76.2,54.9,70.1,-,-,68.9,-,-,56.7,65.2,53,-,-,-,-,-,73.8,53.6,-,67.7,-,-,73.2,-,-
Lee Hodges,71.7,#N/A,775.8,9,#N/A,257.8,3,145,157.7,2,156,95.4,1,161,264.9,3,63,88.3,98.5,71,-,-,-,-,-,-,73.3,84.4,-,-,-,-,-,-,95.4,-,-,87.5,-,-,94.6,82.8,-
Dylan Wu,72,#N/A,711.4,10,#N/A,220.7,3,150,193.7,3,141,141.1,2,140,155.9,2,146,75.6,84.4,60.7,-,-,-,-,-,-,62.8,72.2,58.7,-,-,-,-,-,81.7,59.4,-,74.9,-,-,81,-,-
Doug Ghim,71.9,#N/A,706.7,8,#N/A,262.9,3,141,160.8,2,152,97.3,1,156,185.7,2,100,90,100.5,72.4,-,-,-,-,-,-,74.8,86,-,-,-,-,-,-,97.3,-,-,89.2,-,-,96.5,-,-
Alejandro Tosti,72,#N/A,698.4,10,#N/A,216.6,3,151,190.2,3,144,138.5,2,144,153.1,2,151,74.2,82.8,59.6,-,-,-,-,-,-,61.6,70.9,57.7,-,-,-,-,-,80.2,58.3,-,73.6,-,-,79.5,-,-
Beau Hossler,71.9,#N/A,696.7,8,#N/A,259.2,3,143,158.5,2,153,95.9,1,157,183.1,2,105,88.8,99.1,71.3,-,-,-,-,-,-,73.7,84.8,-,-,-,-,-,-,95.9,-,-,88,-,-,95.1,-,-
Seamus Power,72,#N/A,695.4,8,#N/A,258.7,3,144,158.3,2,154,95.7,1,159,182.7,2,110,88.6,98.9,71.2,-,-,-,-,-,-,73.6,84.7,-,-,-,-,-,-,95.7,-,-,87.8,-,-,94.9,-,-
Rafael Campos,72,#N/A,693,12,#N/A,300,5,134,155.1,3,159,113,2,152,124.9,2,162,60.5,67.6,48.6,62.2,-,-,61.1,-,-,50.3,57.8,47,-,-,-,-,-,65.4,47.6,-,60,-,-,64.9,-,-
Adam Svensson,71.8,#N/A,690.9,10,#N/A,214.3,3,153,188.1,3,145,137,2,145,151.5,2,153,73.4,81.9,59,-,-,-,-,-,-,61,70.1,57,-,-,-,-,-,79.3,57.7,-,72.8,-,-,78.7,-,-
A.J. Ewart,72,#N/A,687.4,11,#N/A,259.9,4,142,168.8,3,150,122.8,2,151,135.9,2,161,65.9,73.5,52.9,67.6,-,-,-,-,-,54.7,62.9,51.2,-,-,-,-,-,71.1,51.7,-,65.3,-,-,70.6,-,-
Ricky Castillo,71.7,#N/A,683.5,8,#N/A,254.3,3,146,155.5,2,157,94.1,1,162,179.6,2,116,87.1,97.2,70,-,-,-,-,-,-,72.3,83.2,-,-,-,-,-,-,94.1,-,-,86.3,-,-,93.3,-,-
Marcelo Rozo,72,#N/A,658.7,10,#N/A,204.3,3,155,179.4,3,147,130.6,2,148,144.4,2,157,70,78.1,56.2,-,-,-,-,-,-,58.1,66.9,54.4,-,-,-,-,-,75.6,55,-,69.4,-,-,75,-,-
Patrick Fishburn,71.9,#N/A,617,7,#N/A,173,2,157,160.9,2,151,97.3,1,155,185.8,2,99,-,100.6,72.4,-,-,-,-,-,-,74.8,86.1,-,-,-,-,-,-,97.3,-,-,89.3,-,-,96.5,-,-
Kris Ventura,#N/A,#N/A,606.7,7,#N/A,170.1,2,158,158.2,2,155,95.7,1,160,182.7,2,111,-,98.9,71.2,-,-,-,-,-,-,73.6,84.6,-,-,-,-,-,-,95.7,-,-,87.8,-,-,94.9,-,-
Andrew Putnam,71.9,#N/A,595.7,7,#N/A,167,2,159,155.3,2,158,94,1,163,179.4,2,117,-,97.1,69.9,-,-,-,-,-,-,72.2,83.1,-,-,-,-,-,-,94,-,-,86.2,-,-,93.2,-,-
Sam Ryder,71.9,#N/A,579,7,#N/A,162.3,2,160,151,2,160,91.3,1,165,174.4,2,122,-,94.4,67.9,-,-,-,-,-,-,70.2,80.8,-,-,-,-,-,-,91.3,-,-,83.8,-,-,90.6,-,-
David Lipsky,72,#N/A,577,7,#N/A,161.7,2,161,150.5,2,162,91,1,166,173.8,2,126,-,94,67.7,-,-,-,-,-,-,70,80.5,-,-,-,-,-,-,91,-,-,83.5,-,-,90.3,-,-
Jackson Suber,#N/A,#N/A,570.3,7,#N/A,159.8,2,162,148.8,2,163,90,1,167,171.7,2,127,-,92.9,66.9,-,-,-,-,-,-,69.2,79.6,-,-,-,-,-,-,90,-,-,82.5,-,-,89.2,-,-
Taylor Moore,71.9,#N/A,565.7,7,#N/A,158.6,2,163,147.5,2,164,89.2,1,168,170.4,2,130,-,92.2,66.4,-,-,-,-,-,-,68.6,78.9,-,-,-,-,-,-,89.2,-,-,81.9,-,-,88.5,-,-
Lanto Griffin,-,#N/A,563.8,7,#N/A,158.1,2,164,147,2,165,88.9,1,169,169.8,2,131,-,91.9,66.2,-,-,-,-,-,-,68.4,78.6,-,-,-,-,-,-,88.9,-,-,81.6,-,-,88.2,-,-
Joel Dahmen,72,#N/A,535.2,7,#N/A,150,2,165,139.6,2,166,84.4,1,171,161.2,2,140,-,87.2,62.8,-,-,-,-,-,-,64.9,74.7,-,-,-,-,-,-,84.4,-,-,77.5,-,-,83.7,-,-
Jon Rahm,71.8,#N/A,341.3,4,#N/A,0,0,180,83,1,167,102.7,1,153,155.6,2,147,-,-,-,-,-,-,-,-,-,-,-,-,83,-,-,-,102.7,-,-,-,-,77.8,-,-,-,77.8
Bryson DeChambeau,71.5,#N/A,334.1,4,#N/A,0,0,181,81.2,1,168,100.5,1,154,152.4,2,152,-,-,-,-,-,-,-,-,-,-,-,-,81.2,-,-,-,100.5,-,-,-,-,76.2,-,-,-,76.2
Tyrrell Hatton,72,#N/A,318.8,4,#N/A,0,0,182,77.5,1,169,95.9,1,158,145.4,2,156,-,-,-,-,-,-,-,-,-,-,-,-,77.5,-,-,-,95.9,-,-,-,-,72.7,-,-,-,72.7
Cameron Smith,72,#N/A,257.9,4,#N/A,0,0,183,62.7,1,171,77.6,1,172,117.6,2,163,-,-,-,-,-,-,-,-,-,-,-,-,62.7,-,-,-,77.6,-,-,-,-,58.8,-,-,-,58.8
Joaquin Niemann,-,#N/A,162.2,2,#N/A,0,0,185,0,0,188,92.3,1,164,69.9,1,172,-,-,-,-,-,-,-,-,-,-,-,-,-,-,-,-,92.3,-,-,-,-,69.9,-,-,-,-
Patrick Reed,-,#N/A,154.8,2,#N/A,0,0,190,69.2,1,170,85.6,1,170,0,0,177,-,-,-,-,-,-,-,-,-,-,-,-,69.2,-,-,-,85.6,-,-,-,-,-,-,-,-,-
Matt Wallace,-,#N/A,87.4,1,#N/A,0,0,184,0,0,187,0,0,188,87.4,1,171,-,-,-,-,-,-,-,-,-,-,-,-,-,-,-,-,-,-,-,-,-,-,-,-,87.4,-
Zac Blair,72,#N/A,80.8,1,#N/A,80.8,1,167,0,0,174,0,0,175,0,0,179,80.8,-,-,-,-,-,-,-,-,-,-,-,-,-,-,-,-,-,-,-,-,-,-,-,-,-
Kota Kaneko,#N/A,#N/A,80.2,1,#N/A,80.2,1,168,0,0,175,0,0,176,0,0,180,80.2,-,-,-,-,-,-,-,-,-,-,-,-,-,-,-,-,-,-,-,-,-,-,-,-,-
Carlos Ortiz,#N/A,#N/A,79.1,2,#N/A,0,0,188,40.8,1,172,0,0,173,38.3,1,175,-,-,-,-,-,-,-,-,-,-,-,-,40.8,-,-,-,-,-,-,-,-,38.3,-,-,-,-
Kazuki Higa,72,#N/A,78,1,#N/A,78,1,169,0,0,176,0,0,177,0,0,181,78,-,-,-,-,-,-,-,-,-,-,-,-,-,-,-,-,-,-,-,-,-,-,-,-,-
Webb Simpson,-,#N/A,76.4,1,#N/A,76.4,1,170,0,0,177,0,0,178,0,0,182,76.4,-,-,-,-,-,-,-,-,-,-,-,-,-,-,-,-,-,-,-,-,-,-,-,-,-
David Ford,71.9,#N/A,71,1,#N/A,71,1,171,0,0,178,0,0,179,0,0,183,71,-,-,-,-,-,-,-,-,-,-,-,-,-,-,-,-,-,-,-,-,-,-,-,-,-
Vijay Singh,-,#N/A,59.4,1,#N/A,59.4,1,172,0,0,179,0,0,180,0,0,184,59.4,-,-,-,-,-,-,-,-,-,-,-,-,-,-,-,-,-,-,-,-,-,-,-,-,-
Isaiah Salinda,72,#N/A,56.9,1,#N/A,56.9,1,173,0,0,180,0,0,181,0,0,185,56.9,0,0,-,-,-,-,-,-,0,0,-,-,-,-,-,-,0,-,-,0,-,-,0,-,-
Ren Yonezawa,#N/A,#N/A,55.7,1,#N/A,55.7,1,174,0,0,181,0,0,182,0,0,186,55.7,-,-,-,-,-,-,-,-,-,-,-,-,-,-,-,-,-,-,-,-,-,-,-,-,-
Gordon Sargent,71.9,#N/A,55.4,1,#N/A,55.4,1,175,0,0,182,0,0,183,0,0,187,55.4,-,-,-,-,-,-,-,-,-,-,-,-,-,-,-,-,-,-,-,-,-,-,-,-,-
Yuta Sugiura,#N/A,#N/A,55.1,1,#N/A,55.1,1,176,0,0,183,0,0,184,0,0,188,55.1,-,-,-,-,-,-,-,-,-,-,-,-,-,-,-,-,-,-,-,-,-,-,-,-,-
Taisei Nagasaki,#N/A,#N/A,53.4,1,#N/A,53.4,1,177,0,0,184,0,0,185,0,0,189,53.4,-,-,-,-,-,-,-,-,-,-,-,-,-,-,-,-,-,-,-,-,-,-,-,-,-
Thriston Lawrence,-,#N/A,53.2,1,#N/A,0,0,186,0,0,189,0,0,189,53.2,1,173,-,-,-,-,-,-,-,-,-,-,-,-,-,-,-,-,-,-,-,-,-,-,-,-,53.2,-
Niklas Norgaard,-,#N/A,53,1,#N/A,0,0,187,0,0,190,0,0,190,53,1,174,-,-,-,-,-,-,-,-,-,-,-,-,-,-,-,-,-,-,-,-,-,-,-,-,53,-
Anson Cabello,#N/A,#N/A,51,1,#N/A,51,1,178,0,0,185,0,0,186,0,0,190,51,-,-,-,-,-,-,-,-,-,-,-,-,-,-,-,-,-,-,-,-,-,-,-,-,-
Corey Kozuma,#N/A,#N/A,51,1,#N/A,51,1,179,0,0,186,0,0,187,0,0,191,51,-,-,-,-,-,-,-,-,-,-,-,-,-,-,-,-,-,-,-,-,-,-,-,-,-
Tom McKibbin,-,#N/A,40.6,1,#N/A,0,0,191,40.6,1,173,0,0,174,0,0,178,-,-,-,-,-,-,-,-,-,-,-,-,40.6,-,-,-,-,-,-,-,-,-,-,-,-,-
Louis Oosthuizen,#N/A,#N/A,38.2,1,#N/A,0,0,189,0,0,191,0,0,191,38.2,1,176,-,-,-,-,-,-,-,-,-,-,-,-,-,-,-,-,-,-,-,-,-,-,-,-,-,38.2
